X,Y,Index,
-15031.2022898952,6715101.61610791,"0"
-14381.4085755175,6715101.61610791,"1"
-14381.4085755175,6714442.8287089,"2"
-15031.2022898952,6714442.8287089,"3"
